kabkota;ikk;pdrb;pdrb_f
Simeulue;106,82;1958,5;175,38
Aceh Singkil;96,3;2043,19;187,91
Aceh Selatan;98,04;4931,74;743,36
Aceh Tenggara;95,77;3939,45;232,12
Aceh Timur;94,87;9466,19;665,96
Aceh Tengah;99,27;7139,99;920,73
Aceh Barat;93,95;9068,13;749,73
Aceh Besar;95,94;12020,56;2086,86
Pidie;93,91;9245,75;594,71
Bireuen;96,51;12191,19;975,96
Aceh Utara;99,95;18650,83;829,89
Aceh Barat Daya;95,1;3596,03;445,67
Gayo Lues;97,2;2248,44;163,64
Aceh Tamiang;94,52;6748,29;353,78
Nagan Raya;95,42;8422,99;618,92
Aceh Jaya;97,37;2352,07;378,23
Bener Meriah;98,35;4319,32;614,03
Pidie Jaya;93;3051,61;199,26
Kota Banda Aceh;95,75;18975,8;1167,56
Kota Sabang;102,83;1314,89;370,24
Kota Langsa;91,85;4643,51;392,65
Kota Lhokseumawe;99,74;8489,95;1059,43
Kota Subulussalam;96,89;1685,68;245,4
Nias;102,41;3072,05;296,6
Mandailing Natal;92,39;11483,69;1243,08
Tapanuli Selatan;93,55;12129,95;1262,53
Tapanuli Tengah;98,34;8347,56;838,63
Tapanuli Utara;93,3;7248,51;923,64
Toba Samosir;95,04;6743,59;929,46
Labuhan Batu;96,1;29092,77;2086,48
Asahan;92,16;32783,93;1775,9
Simalungun;94,39;34616,99;2706,27
Dairi;99,72;7976,35;938,75
Karo;98,89;17345,36;1127,02
Deli Serdang;90,09;87683,33;13112,88
Langkat;94,5;36311,27;2534,49
Nias Selatan;103,23;4952,27;613,46
Humbang Hasundutan;95,54;4991,83;667,82
Pakpak Bharat;97,8;1058,92;99,36
Samosir;99,96;3794,86;412,71
Serdang Bedagai;91,69;24043,8;2036,97
Batu Bara;88,63;28549,99;1538,74
Padang Lawas Utara;92,42;10276,52;1324,76
Padang Lawas;93,1;10064,06;1391,89
Labuhan Batu Selatan;97,11;23682,47;1426,56
Labuhan Batu Utara;97,14;21378,55;1232,49
Nias Utara;102,28;2769,93;230,69
Nias Barat;109,37;1458,9;125,84
Kota Sibolga;100,06;4178;443,69
Kota Tanjung Balai;94,46;7065,41;967,79
Kota Pematang Siantar;90,94;11210,47;1017,83
Kota Tebing Tinggi;93,87;4637,74;641,69
Kota Medan;93,52;191540,51;34968,51
Kota Binjai;90,24;9741,6;1010,03
Kota Padangsidimpuan;94,64;5267,67;537,94
Kota Gunungsitoli;100,15;4040,87;738,58
Kepulauan Mentawai;117,65;3553,01;482,52
Pesisir Selatan;91,92;11413,66;1098,35
Solok;93,03;11783,72;997,84
Sijunjung;94,68;8023,17;1052,66
Tanah Datar;91,39;11469,68;1098,62
Padang Pariaman;87,51;14624,32;1353,28
Agam;90,76;17458,34;1237,93
Lima Puluh Kota;89,8;13379,75;635,16
Pasaman;92,5;7401,85;336,82
Solok Selatan;92,42;4773,54;548,98
Dharmasraya;97,3;9044,81;1160,72
Pasaman Barat;93,76;13715,86;834,65
Kota Padang;94,41;53545,34;4982,12
Kota Solok;91,72;3487,18;409,32
Kota Sawah Lunto;94,3;3305,51;329,87
Kota Padang Panjang;93,65;3118,59;270,7
Kota Bukittinggi;93,82;7435,72;446,39
Kota Payakumbuh;89,35;5414,98;645,82
Kota Pariaman;90,92;4345,4;601,74
Kuantan Singingi;85,79;28958,89;2215,76
Indragiri Hulu;93;36957,91;4704,28
Indragiri Hilir;99,01;54768,66;3190,86
Pelalawan;93,18;43736,92;1023,97
Siak;93,87;65273,26;3201,46
Kampar;87,15;62694,13;4640,2
Rokan Hulu;97,07;32081,74;990,76
Bengkalis;94,16;81005,06;3324,76
Rokan Hilir;99,25;52027,36;783,61
Kepulauan Meranti;103;15062,19;851,54
Kota Pekanbaru;90,47;90775,07;26001,86
Kota Dumai;96,91;32589,35;2972,48
Kerinci;97,22;8241,23;1014,61
Merangin;94,62;12728,54;858,17
Sarolangun;90,47;13784,04;1557,82
Batang Hari;87,83;15531,56;881,23
Muaro Jambi;93,52;21403,1;1690,51
Tanjung Jabung Timur;99,13;19636,28;1008,26
Tanjung Jabung Barat;102,19;36327,66;1712,2
Tebo;90,77;12917,99;800,83
Bungo;87,74;15580,02;1692,59
Kota Jambi;95,03;24091,12;2180,63
Kota Sungai Penuh;97,01;5736,72;675,77
Ogan Komering Ulu;85,79;12417,89;1270,75
Ogan Komering Ilir;93,14;29172,06;3002,91
Muara Enim;96,14;58300,21;2373,06
Lahat;85,13;16508,01;1110,45
Musi Rawas;92,86;16699,66;877,86
Musi Banyuasin;94,16;55448,74;4352,65
Banyu Asin;93,55;25464,77;3787,17
Ogan Komering Ulu Selatan;93,09;7177,61;1217
Ogan Komering Ulu Timur;93,19;12995,24;2072,54
Ogan Ilir;85,76;9399,59;1467,7
Empat Lawang;87,42;4341,28;421,9
Penukal Abab Lematang Ilir;93,2;5807,54;841,71
Musi Rawas Utara;92,94;6828,35;297,29
Kota Palembang;88,67;131646,95;19372,76
Kota Prabumulih;87,62;6752,04;1093,49
Kota Pagar Alam;92,25;2819,97;462,66
Kota Lubuklinggau;90,46;5357,09;1117,46
Bengkulu Selatan;95,26;4358,6;216,59
Rejang Lebong;93,97;7404,48;276,75
Bengkulu Utara;92,95;6368,92;273,34
Kaur;97,07;2727,91;166,53
Seluma;95,9;3344,19;175,18
Mukomuko;100,27;4061,39;150,54
Lebong;95,55;2518,74;209,68
Kepahiang;94,3;3422,27;178,22
Bengkulu Tengah;95,78;3414,18;157,08
Kota Bengkulu;96,13;19644,72;809,43
Lampung Barat;92,01;6056,04;309,43
Tanggamus;88,73;13002,11;1244,19
Lampung Selatan;88,28;37081,66;5106,17
Lampung Timur;83,69;33531;2337,77
Lampung Tengah;86,25;58921,48;7011,48
Lampung Utara;87,26;19680,3;1823,99
Way Kanan;91,46;11724,85;1071,2
Tulangbawang;90,39;19155,48;1819,22
Pesawaran;85,26;13746,98;1597,91
Pringsewu;86,91;9491,14;1187,01
Mesuji;91,6;8427,23;741,03
Tulang Bawang Barat;90,56;9570,33;888,96
Pesisir Barat;93,05;3574,97;312,83
Kota Bandar Lampung;85,34;48502,05;5517,24
Kota Metro;84,73;5269,67;370,42
Bangka;104,62;12282,92;952,28
Belitung;102,93;7948,69;881,99
Bangka Barat;104,54;11592,05;651,48
Bangka Tengah;104,08;7058,73;655,03
Bangka Selatan;104,05;7025,17;511,88
Belitung Timur;105,17;6474,78;469,14
Kota Pangkal Pinang;109,36;10980,9;1085,3
Karimun;108,14;11535,57;2115,7
Bintan;104,08;18830,8;3752,14
Natuna;113,96;15754,76;1061,63
Lingga;110,76;3475,95;666,2
Kepulauan Anambas;123,49;12193,55;767,98
Kota Batam;108,46;144674,74;27173,75
Kota Tanjung Pinang;105,81;16421,64;4273,78
Kepulauan Seribu;121,64;3180,02;106,96
Kota Jakarta Selatan;112,28;527225,79;54183,55
Kota Jakarta Timur;109,74;380674,35;38404,25
Kota Jakarta Pusat;119,26;560760,04;44889,9
Kota Jakarta Barat;113,82;403268,49;49275,61
Kota Jakarta Utara;110,75;399327,56;57150,8
Bogor;118,39;195613,55;17847,63
Sukabumi;100,92;58893,57;7152,11
Cianjur;102,61;40404,9;3366,51
Bandung;108,53;103673;6662,26
Garut;104,06;49025,51;3190,64
Tasikmalaya;98,35;30412,02;2671,76
Ciamis;98,43;27777,11;2460,07
Kuningan;99,49;21937,73;1778,42
Cirebon;103,75;41875,88;4286,11
Majalengka;100,2;29321,24;3436,5
Sumedang;101,51;29497,67;3047,06
Indramayu;105,96;70821,73;4115,05
Subang;106,39;34785,68;3503,99
Purwakarta;107,59;56989,15;3881,83
Karawang;107,68;204774,02;9545,57
Bekasi;111,29;308568,27;18563,13
Bandung Barat;108,57;38736,85;2746,42
Pangandaran;96,72;9850,57;884,33
Kota Bogor;109,26;41087,07;4232,21
Kota Sukabumi;102,07;10851,05;711,72
Kota Bandung;119,75;245392,01;18809,26
Kota Cirebon;103,86;20946,66;2170,31
Kota Bekasi;111,13;85627,4;9771,61
Kota Depok;109,05;61444,52;13522,87
Kota Cimahi;108,97;28751,31;3607,85
Kota Tasikmalaya;102,27;19718,21;2884,81
Kota Banjar;97,34;4083,17;395,15
Cilacap;100,74;108031,28;6604,2
Banyumas;100,24;50668,64;6470,35
Purbalingga;99,22;21626,94;1460,66
Banjarnegara;100,34;19008,78;1475,02
Kebumen;96,9;25253,4;2086,26
Purworejo;97,13;16583,69;1599,47
Wonosobo;98,91;16924,73;1164,96
Magelang;98,13;29160,54;2907,93
Boyolali;99,67;28890,03;2009,29
Klaten;101,01;35131,44;2468,27
Sukoharjo;100,72;33951,06;2176,94
Wonogiri;97,29;26141,91;1829,58
Karanganyar;101,1;33709,11;2286,68
Sragen;99,1;33921,43;2283,39
Grobogan;101,06;24896,25;1384,94
Blora;101,19;20834,42;990,51
Rembang;101,76;17185,84;1447,53
Pati;101,79;39038,28;3443,72
Kudus;101,99;75783,15;3404,53
Jepara;102,04;26869,08;2064,91
Demak;104,52;23439,71;2597,21
Semarang;105,94;43880,58;6118,06
Temanggung;99,05;18863,34;1094,39
Kendal;101,27;40192,08;3058,89
Batang;98,83;20159,94;1743,72
Pekalongan;98,44;20425,92;1537,25
Pemalang;99,78;23052,08;1043,12
Tegal;98,74;31211,27;2683,63
Brebes;101,09;40655,22;1790,47
Kota Magelang;97,38;8125,78;1224,66
Kota Surakarta;102,1;45304,55;9609,14
Kota Salatiga;103;12198,74;1557,34
Kota Semarang;105,47;182122,11;45037,22
Kota Pekalongan;100,78;9455,38;1359,5
Kota Tegal;102,93;13897,41;2318,63
Kulon Progo;103,03;10881,1;1678,56
Bantul;103,51;24094,68;2076,05
Gunung Kidul;108,09;17409,68;1537,45
Sleman;107,11;44274,03;6220,03
Kota Yogyakarta;106,34;34595,51;2049,57
Pacitan;91,86;13586,72;2047,06
Ponorogo;95,62;17514,95;1702,45
Trenggalek;94,96;15671,37;1166,77
Tulungagung;92,66;33526,68;2990,75
Blitar;93,15;30985,73;2898,05
Kediri;91,65;35486,35;3242,94
Malang;96,45;84203,88;10690,75
Lumajang;88,06;27317,85;2034,74
Jember;92,68;66334,88;4878,42
Banyuwangi;95,4;67289,76;9376,74
Bondowoso;90,96;16650,57;1383,17
Situbondo;88,94;16572,29;1127,15
Probolinggo;94,38;28602,77;2232,6
Pasuruan;96,74;132735,28;14336,32
Sidoarjo;100,57;179425,45;13922,55
Mojokerto;95,76;74446,4;5627,78
Jombang;95,25;35004,7;3393,91
Nganjuk;91,51;22759,59;2323,87
Madiun;94,38;16423,57;1916,79
Magetan;93,68;16085,77;1364,91
Ngawi;93,92;16424,65;1601,02
Bojonegoro;93,31;67793,79;5138,46
Tuban;95,03;54111,07;5732,24
Lamongan;95,14;33924,08;3881,99
Gresik;102,92;125125,85;11479,77
Bangkalan;96,7;18290,98;2737,19
Sampang;93,32;15439,52;1924,46
Pamekasan;95,01;13969,41;1573,86
Sumenep;101,33;28554,01;2321,36
Kota Kediri;91,53;96421,9;1958,15
Kota Blitar;92,23;6051,3;412,41
Kota Malang;97,61;67125,46;8836,17
Kota Probolinggo;94,35;10455,38;633,79
Kota Pasuruan;95,17;7385,22;416,41
Kota Mojokerto;94,15;5990,39;594,47
Kota Madiun;93,54;13146,6;787,42
Kota Surabaya;100;513934,51;50408,59
Kota Batu;95,11;14247,62;1700,29
Pandeglang;83,53;23064,6;1474
Lebak;86,99;24547,6;2310,44
Tangerang;94,75;120464,02;17289,4
Serang;91,31;66523,75;6848,31
Kota Tangerang;97,89;131617,38;10338,78
Kota Cilegon;90,32;93753,72;5967,66
Kota Serang;93,01;28259,41;5021,55
Kota Tangerang Selatan;103,29;76706,57;10377,08
Jembrana;104,93;10488,93;1032,2
Tabanan;108,69;17121,56;1626,93
Badung;111,08;40025,31;4044,34
Gianyar;105,95;21067,71;2470,35
Klungkung;113,07;6708,79;656,69
Bangli;111,08;5135,46;418,24
Karangasem;108,97;12275,39;872,84
Buleleng;109,12;25807,45;2295,37
Kota Denpasar;117,97;40322,83;4388,1
Lombok Barat;100,19;12280,94;1437,97
Lombok Tengah;96,15;14287,28;2345,25
Lombok Timur;98,89;16956,31;2000,4
Sumbawa;93,15;11752,86;1534,74
Dompu;104,41;5740,37;488,9
Bima;106,12;9170,05;558,69
Sumbawa Barat;98,61;19842,09;649,31
Lombok Utara;93,21;3853,89;385,33
Kota Mataram;100,16;16007,54;1560,27
Kota Bima;104,31;3432,89;281,37
Sumba Barat;94,39;1697,12;109,14
Sumba Timur;91,42;4606,77;542,73
Kupang;84,28;5648,11;668,87
Timor Tengah Selatan;87,93;5595,81;408,38
Timor Tengah Utara;79,83;3370,11;309,32
Belu;76,68;3536,17;254,62
Alor;96,78;2392,73;230,01
Lembata;94,33;1341,2;85,33
Flores Timur;98,56;3987,25;185,6
Sikka;92;3955,83;186,63
Ende;88,72;4882,72;429,49
Ngada;80,61;2693,64;343,56
Manggarai;97,52;3572,34;449,41
Rote Ndao;108,08;2341,69;176,75
Manggarai Barat;96,52;2782,75;407,01
Sumba Tengah;93,99;882,05;28,9
Sumba Barat Daya;92,26;2739,34;121,03
Nagekeo;83,47;1612,19;89,36
Manggarai Timur;91,15;2437,14;116,2
Sabu Raijua;109,32;911,4;114,61
Malaka;78,34;2214,37;249,26
Kota Kupang;85,06;19790,06;2642,05
Sambas;108,97;16759,28;1194,55
Bengkayang;105,69;7085,41;630,28
Landak;106,14;8740,72;701,34
Mempawah;101,34;6941,41;493,07
Sanggau;107,58;16139,85;944,66
Ketapang;101,55;22494,33;1882,46
Sintang;110,85;11773,44;1399,24
Kapuas Hulu;114,39;7813,21;1422,63
Sekadau;107,4;5366,43;607,99
Melawi;109,63;4191,79;452,2
Kayong Utara;102,65;3197,95;424,35
Kubu Raya;102,23;22893,73;2696,77
Kota Pontianak;101,06;30321,78;4262,08
Kota Singkawang;106,91;8520,17;1215,25
Kotawaringin Barat;104,51;16983,89;1242,13
Kotawaringin Timur;104,55;21972,54;1627,62
Kapuas;100,98;14052,96;1134,97
Barito Selatan;103,79;5178,25;283,88
Barito Utara;104,09;8680,76;437,65
Sukamara;112,18;3671,5;303,32
Lamandau;109,6;4568,32;568,85
Seruyan;107,72;6947,08;558,94
Katingan;101,17;6250,15;778,54
Pulang Pisau;100,79;4286,26;588,2
Gunung Mas;111,22;4611,93;561,77
Barito Timur;101,42;6318,68;439,58
Murung Raya;116,12;7460,76;456,58
Kota Palangka Raya;100,8;14055,48;1413,29
Tanah Laut;102,93;12789,73;920,33
Kota Baru;99,52;21636,11;1256
Banjar;100,31;14529,34;1452,15
Barito Kuala;107,09;7082,55;1051,91
Tapin;102,09;7909,53;424,34
Hulu Sungai Selatan;100,42;5862,86;471,62
Hulu Sungai Tengah;101,42;5936,02;527,16
Hulu Sungai Utara;101,97;4066,51;418,22
Tabalong;102,21;18133,55;1082,43
Tanah Bumbu;100,7;19620,61;1187,33
Balangan;103,92;11309,23;433,26
Kota Banjarmasin;100,73;28253,56;2641,71
Kota Banjar Baru;101,37;8281,57;1203,49
Paser;118,75;40315,07;1144,11
Kutai Barat;129,02;27051,65;2812,54
Kutai Kartanegara;116,72;147909,34;10891,16
Kutai Timur;127,39;116154,53;2901,6
Berau;113,43;34707,4;1406,18
Penajam Paser Utara;119,59;13390,71;6642,17
Mahakam Ulu;139,05;2017,72;173,59
Kota Balikpapan;113,21;110447,41;11085,26
Kota Samarinda;107,38;61870,65;12274,48
Kota Bontang;121,37;42899,73;3068,86
Malinau;101,8;9573,71;1641,59
Bulungan;107,44;14426,55;2234,76
Tana Tidung;102,98;4640;844,91
Nunukan;106,27;19403,42;1746,69
Kota Tarakan;110,54;28472,17;4083,19
Bolaang Mongondow;95,73;7015,19;827,86
Minahasa;102,36;15061,61;2087,47
Kepulauan Sangihe;110,81;3960,95;359,31
Kepulauan Talaud;119,86;2032,47;235,42
Minahasa Selatan;99;7877,99;1027,8
Minahasa Utara;102,83;12088,4;1601,15
Bolaang Mongondow Utara;93,08;2154,21;329,91
Siau Tagulandang Biaro;112,2;2055,05;188,05
Minahasa Tenggara;95,88;4631,82;929
Bolaang Mongondow Selatan;92,83;1697,53;237,95
Bolaang Mongondow Timur;98,86;2380,71;211,02
Kota Manado;102,87;32415,41;3485,82
Kota Bitung;96,3;14820,5;1417,82
Kota Tomohon;101,2;3927,94;775,96
Kota Kotamobagu;98,74;3068,76;406,27
Banggai Kepulauan;98,33;3236,51;63,92
Banggai;96,92;22185,32;1366,98
Morowali;104,46;109491,44;4728,18
Poso;95,51;7581,52;685,16
Donggala;85,09;10100,21;1175,68
Toli-Toli;90,17;6646,27;701,08
Buol;92,03;4625,61;345,95
Parigi Moutong;86,77;13433,29;1584,28
Tojo Una-Una;85,15;4489,54;298,66
Sigi;80,04;7425,48;875,59
Banggai Laut;93,96;1955,88;35,85
Morowali Utara;102,63;20483,26;1307,3
Kota Palu;84,32;19586,92;2959,22
Kepulauan Selayar;99,87;4348,91;779,41
Bulukumba;93,5;10642,08;1052,96
Bantaeng;93,26;8023,6;1119,57
Jeneponto;94,77;8438,81;930,46
Takalar;93,37;8201,59;534,2
Gowa;90,09;18782,06;1760,61
Sinjai;95,31;9368,78;984,77
Maros;93,68;15374,77;1275,55
Pangkajene dan Kepulauan;94,66;21206,55;1140,41
Barru;92,19;6086,9;955,74
Bone;96,01;28447,38;2660,52
Soppeng;95,61;9073,58;1127,31
Wajo;95,59;15781,92;1299,8
Sidenreng Rappang;98,24;10760,17;1522,63
Pinrang;97;16043,55;1519,32
Enrekang;98,41;5677,13;705,88
Luwu;99,82;13081,73;1175,58
Tana Toraja;101,86;5754,77;592,44
Luwu Utara;99,98;10332,63;1226,29
Luwu Timur;103,08;19202,18;1898,43
Toraja Utara;101,42;6452,38;799,38
Kota Makassar;94,28;155895,57;23154,9
Kota Parepare;93,02;6214,61;808,63
Kota Palopo;99,18;6955,29;979,6
Buton;95,37;3287,86;181,53
Muna;88,05;6169,81;702,77
Konawe;86,55;14118,44;936,56
Kolaka;86,59;22946,58;1837,16
Konawe Selatan;91,52;10752,35;1007,67
Bombana;93,09;5853,08;577,44
Wakatobi;105,7;3818,68;559,82
Kolaka Utara;87,39;7623,62;1062,79
Buton Utara;95,94;2706,05;389,08
Konawe Utara;93,79;3600,96;452,34
Kolaka Timur;87,09;3855,8;426,82
Konawe Kepulauan;93,7;1279,21;60,49
Muna Barat;88,46;2255,28;419,67
Buton Tengah;98,53;2063,91;289,63
Buton Selatan;94,19;2435,2;322,09
Kota Kendari;86,1;20504,96;3354,58
Kota Baubau;94,08;8122,2;1457,1
Boalemo;97,96;4172,83;275,66
Gorontalo;90,82;10822,08;1532,41
Pohuwato;93,63;5664,59;407
Bone Bolango;92,33;3837,19;444,75
Gorontalo Utara;90,75;2823,24;262,37
Kota Gorontalo;89,94;7624,43;1014,89
Majene;84,77;4253,4;278,87
Polewali Mandar;84,05;11221,54;616,84
Mamasa;101,67;2535,07;202,91
Mamuju;87,58;9971,86;888,45
Mamuju Utara;93,71;8762,02;635,12
Mamuju Tengah;88,51;2596,68;31,29
Maluku Tenggara Barat;107,87;2112,24;332,15
Maluku Tenggara;106,2;2484,11;255,54
Maluku Tengah;94,04;7305,74;467,24
Buru;91,8;1915,68;132,34
Kepulauan Aru;106,59;2895,39;182,71
Seram Bagian Barat;94,02;2473,33;249,95
Seram Bagian Timur;96,89;2280,48;158,75
Maluku Barat Daya;114,74;1928,92;121,63
Buru Selatan;100,97;1114,48;87,67
Kota Ambon;91,61;12942,46;615,82
Kota Tual;106,74;1899,32;151,43
Halmahera Barat;105,54;1797,12;83,07
Halmahera Tengah;116,75;29581,23;638,11
Kepulauan Sula;118,4;1992,02;184,09
Halmahera Selatan;105,47;18130,13;308,36
Halmahera Utara;107,37;4265,42;288,87
Halmahera Timur;116,32;5103,91;244,92
Pulau Morotai;119,87;1251,44;105,59
Pulau Taliabu;114,82;1316,18;42,79
Kota Ternate;120;9410,29;546
Kota Tidore Kepulauan;109,75;2370,28;145,86
Fakfak;120,73;3796,49;907,81
Kaimana;114,95;1859,03;336,48
Teluk Wondama;113,97;1102,63;177,8
Teluk Bintuni;128,03;37802,57;891,85
Manokwari;113,33;7290,68;906,06
Manokwari Selatan;121,08;675,83;19,43
Pegunungan Arfak;151,7;230,74;53,65
Raja Ampat;121,89;2951,46;274,61
Sorong;113,03;9926,54;1013,85
Sorong Selatan;113,83;1533,73;359,34
Maybrat;128,03;522,69;78,23
Tambrauw;125,05;185,08;34,53
Kota Sorong;109,25;10926,56;1559,63
Jayapura;113,52;11658,26;1659,81
Kepulauan Yapen;134,53;3319,88;216,53
Biak Numfor;130,53;3817,17;221,52
Sarmi;143,98;2129;410,18
Keerom;127,77;2291,91;614,1
Waropen;144,88;1643,61;468,81
Supiori;142,34;880,43;259,07
Mamberamo Raya;174,96;1177,68;249,6
Kota Jayapura;126,76;26779,51;5000,78
Merauke;139,06;12313,83;2163,62
Boven Digoel;141,35;3522,22;947,73
Mappi;152,84;2167,82;731,18
Asmat;152,51;1886,31;622,9
Mimika;118,63;66983,06;1973,77
Dogiyai;167,6;971,52;107,75
Deiyai;170,92;939,09;300,53
Nabire;121,12;8693,69;1274,33
Paniai;169,83;3420,7;964,48
Intan Jaya;342,92;839,85;292,8
Puncak;361,36;914,45;263,15
Puncak Jaya;340,84;1089,95;317,78
Nduga;224,15;922,87;247,85
Jayawijaya;227,94;5709,71;810,9
Lanny Jaya;259,68;1450,94;330,49
Tolikara;268,65;1232,97;257,34
Mamberamo Tengah;260,46;877,99;221,82
Yalimo;235,91;923,38;185,82
Yahukimo;176,26;1756,23;373,9
Pegunungan Bintang;299,88;1640,89;500,93
