provinsi;kons_gedung;kons_sipil;kons_khusus;jumlah_kons;;;
ACEH;2783902;6492460;1217432;10493794;;;
SUMATERA UTARA;17199397;33683900;4840320;55723617;;;
SUMATERA BARAT;5422078;7865157;1453898;14741133;;;
RIAU;12410853;35837697;6421292;54669842;;;
JAMBI;2684810;7933245;556027;11174082;;;
SUMATERA SELATAN;7638888;15731866;2533035;25903789;;;
BENGKULU;1411407;2029253;436604;3877264;;;
LAMPUNG;4362457;13557869;1388905;19309231;;;
KEP. BANGKA BELITUNG;2022354;1773980;251074;4047408;;;
KEP. RIAU;2326000;6395219;1167360;9888579;;;
DKI JAKARTA;281218337;387961109;59050910;728230356;;;
JAWA BARAT;54257990;88585937;22235709;165079636;;;
JAWA TENGAH;34617600;53089817;8436104;96143521;;;
DI YOGYAKARTA;2613477;5641813;814485;9069775;;;
JAWA TIMUR;60387565;124083303;17549703;202020571;;;
BANTEN;13206811;26057646;8587691;47852148;;;
BALI;8090864;7629479;1634992;17355335;;;
NUSA TENGGARA BARAT;2938694;9507732;1084422;13530848;;;
NUSA TENGGARA TIMUR;2613944;8522055;471118;11607117;;;
KALIMANTAN BARAT;7103446;12743200;2456690;22303336;;;
KALIMANTAN TENGAH;3797333;10202859;996733;14996925;;;
KALIMANTAN SELATAN;5323608;13581155;809666;19714429;;;
KALIMANTAN TIMUR;10035830;29739716;5585975;45361521;;;
KALIMANTAN UTARA;2327059;4517901;964547;7809507;;;
SULAWESI UTARA;2778729;7162938;689881;10631548;;;
SULAWESI TENGAH;4132038;8302602;1055933;13490573;;;
SULAWESI SELATAN;13617797;23458996;2566463;39643256;;;
SULAWESI TENGGARA;3440585;6534859;984013;10959457;;;
GORONTALO;1069148;2733113;535704;4337965;;;
SULAWESI BARAT;1509814;2839015;563694;4912523;;;
MALUKU;1187012;2977146;760019;4924177;;;
MALUKU UTARA;1191857;2676036;328357;4196250;;;
PAPUA BARAT;2493629;5024944;673958;8192531;;;
PAPUA BARAT DAYA;-;-;-;-;;;
PAPUA;6665562;10315711;1205391;18186664;;;
PAPUA SELATAN;-;-;-;-;;;
PAPUA TENGAH;-;-;-;-;;;
PAPUA PEGUNUNGAN;-;-;-;-;;;
INDONESIA;584880875;985189728;160308105;1730378708;;;
;;;;;;;
Catatan;Sumber:;- Benchmark Statistik Konstruksi untuk Data Tahun 2010 s.d. 2023;- Statistik Konstruksi 2024 untuk Data Tahun 2024;Catatan:;#NAME?;- Data Papua Selatan, Papua Tengah, dan Papua Pegunungan masih bergabung dengan Provinsi Papua;- Data tahun 2024 merupakan angka sementara
