provinsi;ikk;pdrb;pdrb_f;balasjasa_upah;indeks_pekerjatetap;hari_pekerjaharian;indeks_konstruksiselesai;perusahaan_kecil;perusahaan_menengah;perusahaan_besar;jmlh_perusahaan;belanja_modal;realisasi_bm
ACEH;96,88;156504,1;14171,42;152,07;107,64;132,91;152,67;6559;510;30;7099;3934580;3384370
SUMATERA UTARA;95,87;669539,72;81203,08;173,92;117,07;145,26;181,4;9230;795;51;10076;7703790;6895360
SUMATERA BARAT;93,56;207294,43;18523,49;171,42;113,47;147,28;167,8;5554;325;9;5888;2887120;2402530
RIAU;94,28;595930,54;53901,54;186,6;117,09;152,77;195,12;6478;758;41;7277;4979240;3907660
JAMBI;94,04;185978,26;14072,62;153,88;112,27;127,34;150,52;2781;95;8;2884;3267090;2954360
SUMATERA SELATAN;90,84;407137;45139,36;173,47;118,73;145,68;186,68;5364;653;31;6048;8980490;9627740
BENGKULU;95,7;57265,4;2613,34;162,21;113,25;135,43;163,96;1200;90;3;1293;2002780;1646340
LAMPUNG;88,32;297735,29;31338,85;154,36;108,55;134,86;162,72;3943;273;8;4224;3774040;3579410
KEP. BANGKA BELITUNG;104,95;63363,24;5207,1;140,56;108,98;126,83;154,05;981;77;2;1060;834730;685200
KEP. RIAU;110,52;222887,01;39811,18;154,01;113,84;135,55;156,56;1996;365;14;2375;2132940;1614690
DKI JAKARTA;114,5;2274436,25;244011,07;172,33;110,76;128,2;163,9;3988;8799;347;13134;15288810;13150860
JAWA BARAT;105,19;1870859,85;155245,18;209,08;113,71;162,24;240,01;14827;2995;94;17916;14619990;16768500
JAWA TENGAH;100,54;1216594,11;132332,37;173,34;110,99;143,7;179,43;14263;1102;53;15418;11682610;10824150
DI YOGYAKARTA;105,6;131255;13561,66;175,72;112,47;145,94;207,13;1637;130;13;1780;1712840;1520080
JAWA TIMUR;94,56;2039016,3;190795,77;191,73;109,34;147,3;203,34;22462;2015;87;24564;17897460;15472040
BANTEN;92,46;564937,05;59627,22;176,49;112,89;149,4;201,92;6288;1365;69;7722;6809460;6233690
BALI;110,04;178953,43;17805,06;161,24;111,38;130,29;165,43;1680;119;6;1805;7957950;5429670
NUSA TENGGARA BARAT;99,43;113324,22;11242,23;149,96;112,64;124,08;152,4;3978;72;13;4063;3383730;3291600
NUSA TENGGARA TIMUR;90,58;82990,79;8148,26;136,31;110,09;109,13;161,77;5241;229;22;5492;2994990;2417400
KALIMANTAN BARAT;106,1;172239,5;18326,87;170,29;108,97;145,98;193,32;7546;319;29;7894;4356240;3787460
KALIMANTAN TENGAH;105,53;125038,56;10395,32;147,38;109,44;111,7;121,09;2105;180;17;2302;8927800;148482250
KALIMANTAN SELATAN;101,88;165411,17;13069,95;174,95;110,34;137,79;187,71;3908;258;13;4179;12393540;10900150
KALIMANTAN TIMUR;120,28;596764,21;52399,95;176,38;116,08;144,19;184,13;6504;1085;39;7628;24655720;24363780
KALIMANTAN UTARA;105,76;76515,85;10551,14;177,35;117,22;142,71;178,91;1321;72;12;1405;2783240;2481870
SULAWESI UTARA;101,25;115188,54;14120,81;164,43;107,62;130,12;170,46;1326;183;9;1518;2178230;1926330
SULAWESI TENGAH;91,67;231241,25;16127,85;128,43;105,26;107,42;152,8;3454;113;10;3577;4229810;3561230
SULAWESI SELATAN;96,37;420146,94;50004,39;184,35;113,98;149,87;179,67;10009;1164;51;11224;6299910;5321380
SULAWESI TENGGARA;91,99;121393,99;14037,54;143,09;106,8;120,75;149,91;3201;195;10;3406;4443580;3734270
GORONTALO;92,53;34944,36;3937,08;153,6;105,86;127,69;162,81;729;49;3;781;776740;581990
SULAWESI BARAT;89,85;39340,57;2653,48;144,92;107,48;118,25;149,27;1139;23;3;1165;1187620;812490
MALUKU;100,77;39352,15;2755,23;153,3;111,6;132,36;164,18;1358;101;13;1472;1794470;1232840
MALUKU UTARA;113,29;75218,02;2587,66;153,09;105,89;119,09;154,75;1643;95;12;1750;3599250;3134230
PAPUA BARAT;122,82;52757,97;3293,08;148,35;106,91;121,14;146,78;3128;133;14;3275;1889620;1742880
PAPUA BARAT DAYA;118,31;26046,06;3320,19;-;-;-;-;790;62;9;861;1403580;1500050
PAPUA;136,79;53697,45;9100,4;148,22;110,7;125,73;154;3083;436;5;3524;1346330;1343540
PAPUA SELATAN;146,3;19890,18;4465,43;-;-;-;-;1004;25;11;1040;1167530;1110910
PAPUA TENGAH;203,6;83852,31;5494,59;-;-;-;-;1102;61;9;1172;4658180;3287240
PAPUA PEGUNUNGAN;241,52;14514,98;2929,05;-;-;-;-;655;56;4;715;1818930;1539060
INDONESIA;-;13799556,05;1378320,81;175,58;111,53;138,63;177,61;172455;25377;1174;199006;212763960;332649580
